{"version":1,"hash":{"type":"Buffer","data":"yB2Iu5xB/wkhAHRluCW+QtlGUO/HiBlIFSZ5+xNg81CwtJqB/aP1FEXfATVOdJrpBDCpHw7EaHZVbs4Q7SyRqeZcSFYIvj2MJTl+IfSad18h8Wfa2bd/pJ15mdEIaYOR08mv57mHycmPR+3ZhfrOdcl6xrg269iTYEJU0k9+eSo="},"indexValueMap":{"Tqw8AKuhX9JneMQpAQYGSpgT1b0NCXOtg/E+BtyWdDk=":{"valueMac":{"type":"Buffer","data":"f8PSGBGGl70Q5GZGajjfSs/dbbBxuz5HgrYfd04IoDk="}},"OaxoJlKvGGA+a3f5usGWM1wplIi7PHSPtL2L/feO5Aw=":{"valueMac":{"type":"Buffer","data":"Vat/nmXOm2srMkvbsd94B+MAFXZ0bLHY6+wJGjR4kYo="}},"zEdQHHlND9gdqa/L/fTNVCo1ZWiXhFObYYvONAcz2e0=":{"valueMac":{"type":"Buffer","data":"Vh8cxKwLw9ztLB5O2hNjUqKTLb01QWBL6uQDfUkNBT8="}},"TFzQi8uL0/9N8LSJjL98TOEEcdG/sHau69KrWw23Wis=":{"valueMac":{"type":"Buffer","data":"aAGjFVsxwp1086S0eer6eX6THpViYIjb/CKw2T8gXao="}},"pnVcmaKSoX9T38AKDDM0Fc7mGj2DyqVwv+kAThFoBG4=":{"valueMac":{"type":"Buffer","data":"7TcnyOLM/njrH431B61GQpyWsCu0WEpZB3YYB9+Rv70="}},"GPXdEiCShfeT4TWVq8R/ftfgxw9EscF+OXDBewNYXRc=":{"valueMac":{"type":"Buffer","data":"GB7fJdelxma/mEmltfVN+lFwx3tp0rvCruPE7MfCE0g="}},"hclXrjcEXjCNmrbvBXHL8SppK/0VWOrkGiOfoDyWqsk=":{"valueMac":{"type":"Buffer","data":"zG69PIimZhjjnyEV+9HeuRN5mCWXP28wQdlxl8js9Bg="}},"Rb5WlEzLW/Gu1TeJ2oTpf0QAr7f17tIkTwtlyvR3+tY=":{"valueMac":{"type":"Buffer","data":"fDVJu+tYIUw4b/N045Oet6UEDz4+XWnBzOrp7oauTm0="}},"39Gdk0CExEjDIgaQxSLs6/K9rgC5+5pf8eRs5BGWnpc=":{"valueMac":{"type":"Buffer","data":"3CZgZDlXOh7OmTt/xa9r59Q7yYLeqg5dSZVH03IVv9c="}},"UEfQFXpEfQpPEZtzszh+l4JyW5TzE81FWy+9YiTSVpQ=":{"valueMac":{"type":"Buffer","data":"IISW7sbumlnEOKvkRVHIhjkPZ/9nthwnvGaRH749674="}},"OALUCJXPl9kgCjlU9o7wjLdDSkCy9H5kkOUGsHGn0ys=":{"valueMac":{"type":"Buffer","data":"Auo6kFZxeXvUPYoSt8zx/PFhs00DI3y3QMvZXdluf4U="}},"xL39+MwZ3ZhbRSVYBVLg/wfXMgiCyVR0uspVp2NgcjY=":{"valueMac":{"type":"Buffer","data":"7TjnDXIHIdjr9grMo4vqMzttYp7oCMVD8jSZwkaTGuI="}},"r9b84daMjxbSuLxKaepFQXyFGMmM9uZSIgALD3oKloc=":{"valueMac":{"type":"Buffer","data":"om0jCEkaUcaS7KSsnI6atDXexktbt+z4FKAq/HsuKn8="}},"zE3Y15j6/JpE30sGhbi7FA5XELKJcFJQZ+hGes7qtFY=":{"valueMac":{"type":"Buffer","data":"up0QmUfUBfpbityZ1YIEXvWATWUZtXe/tI7Oi1oIw8Q="}},"qIl7D8f8bbO5jkzbRnNHvCfcSp2YWRszRaZoGtUSf58=":{"valueMac":{"type":"Buffer","data":"JOf/raKhgSJcq9zEDps2nGUOB0NMuTvcDyPHi9dIAHM="}},"EpSsYCcSPqdtx0WzZv0WeyoxjV+I2z9qlmbvshvKv9s=":{"valueMac":{"type":"Buffer","data":"izc4LKMdAzXZbwjyWPjjXISLQtnC25/1JxY6o+fyRX8="}},"kKN6ki9DLbWOYEOYsb3noftbc+4iW+DYTRXOLV2JnO8=":{"valueMac":{"type":"Buffer","data":"n/zYZCqPjKYtEOJzHITGEaU4Or/Q/JWQxzwmloUD1y8="}},"tj6h+vFfUrD9vlBw4OuuJzG9zchb4Ag0nVnAFPpHUeg=":{"valueMac":{"type":"Buffer","data":"JDirvXN20T6F6GX2YJdqRg/W5qgkqX9tFbaQKcFOWcw="}},"vBRNIFVHbMJXGzdvIgCxtJVIK+lPO0r00RY4CTfGQ34=":{"valueMac":{"type":"Buffer","data":"6aS/EMeqqp9dLQtcFc/OxDKc3cNEQLXCuBmKnk6sizM="}},"FixtP+nIcCYb3fiomkhFcVPayFohOVlGi4/akbC+FjA=":{"valueMac":{"type":"Buffer","data":"hBrzVsSDrpjQ2jURbxt3GOQyuBqXExblxth4M/TO4cU="}},"dlYzZrGGRaa5jtlyGjG1rCMCt6DRA79zoK4X03ISTCk=":{"valueMac":{"type":"Buffer","data":"sDWubz62bV2fxrolKBpO2bUDT3f8RuMHAFbAbf77fMY="}},"LEEW2xaz2eDe9Z4dwhtVfKpvkE7qlORptUqTV0dVL0M=":{"valueMac":{"type":"Buffer","data":"xRlnf/GI+ocJhAvfgNDuq8V2C6qNVRLFH5MNW0HvhbE="}},"5afCjn/iyr7Un1Ox2bUVTPVMs+CUEzCq9gzR3se+PCg=":{"valueMac":{"type":"Buffer","data":"9qqfofAaqCyNiB5LX5Vmq6OVSzIab7y+JxwWj/EAsCc="}},"y3p4BVDuR3XaMpmlLqBpYXCZ96u9ATD+c2FzmwAWar0=":{"valueMac":{"type":"Buffer","data":"aHGey3NaFqlitr7OKXZrGBbnYffmXfUU4fMUPTrC1Ss="}},"P2yN/9HxIvRyf57gxYOSpQHAmn6P8IzJUxOvfMUbWWY=":{"valueMac":{"type":"Buffer","data":"5JuDSqhmEqIRdm2NtmQc7tICVbUCGO1yoSBH8lpC2i0="}},"3ZuZXGGjtWJuFIHcnIRUJwYvjGvTQkZFlhEFOtZ/DxI=":{"valueMac":{"type":"Buffer","data":"+CTcq3qi8zFyf1kM3L4KUxpFarCN9y3YVYnewdgjHl4="}},"EuaDF7Gd5zHiKYNzwda+gP9fPQhJHhSszjquoqXq5Rc=":{"valueMac":{"type":"Buffer","data":"GaF/gqLlDfDfBGtmtpKWPzp4C1b0KP1wnEG5G0wL43U="}},"dEjOr0juewkrV6R+Ko7qdbP9bqg2LXo26X1gGeM6o+w=":{"valueMac":{"type":"Buffer","data":"N1U8xBIeRd8xclZGyPI47wOwCMNjnxZqUZ+Hui2aqwk="}},"c/RzNnVPfp9EOuLPMHOaC/Mamwb+8mjvT19R5XRhkLY=":{"valueMac":{"type":"Buffer","data":"ThoCpiVbZuT7fyjzI+PB3BJuc+w6cHyZCnWRv2y/1Rc="}},"mIvHunYkWiC/U6ISwIdvLyHsUp7oVP+Q474Yq2eTFdA=":{"valueMac":{"type":"Buffer","data":"tYfXF1v9/HZSroUF/ORTleAo5uhknKbr1+3Pit/i3hk="}},"byMNvgAJNeXcLcromvyscayaC6WmkwcY5FFi3LZHO7E=":{"valueMac":{"type":"Buffer","data":"YURFohOvqiED64VPISpTtTmq9SNmCqWgs+98UdlZZy4="}},"sGbSVnfook82Ak/hE+eMjzwIfV0thMUtxrjlSwVUGq4=":{"valueMac":{"type":"Buffer","data":"cyjv6mE/IQezOHkn1T1PgWM9w4BFSbIiV3rHR8JTGN4="}},"ZOzL5NAbqPA4BTMYKH29QXyrvh+UB/BEo9xrGTHkfkE=":{"valueMac":{"type":"Buffer","data":"tiXgFWQn2aZs6sD561Mvj8e1KIydud7Cv3hrOB19mGk="}},"t+FNlNciF7reV8JCkjaaMzxBxX2YPte6iVy30RRiInE=":{"valueMac":{"type":"Buffer","data":"mm+XR/5wp0XgDBkjznQa3Ir6yhDoH9ebqgK71cDk2qs="}},"cCFdO2LRsJFT1S2f8wyyWgHy5csoqFB+H4gVrV4kjLY=":{"valueMac":{"type":"Buffer","data":"Sw/06ANf1UKx3ML6wjk4y00xuZA0Hvv8p9xZJ7EhRiE="}},"93pCjq8TVAyoF1DLKutNtk/NEOlQEwITmJS99uqHuPo=":{"valueMac":{"type":"Buffer","data":"MFKz6qeVUIb14vV7FPA2vLKLCcfQBCDGIs26hsj/JLA="}},"jsO1YyRqiFN45GSsIoGnUTCHWutX1a/16y6QoNVDlYk=":{"valueMac":{"type":"Buffer","data":"FtGXn3ZZFrZnUsUvAAiqQpmZX/1/0UD9ZAWuZ1aVyGg="}},"ojU4CDVavWt3l0nbIDIzKjx8CJMCqKlaH4W2LI64jxI=":{"valueMac":{"type":"Buffer","data":"3Ja2IxDpPfDUCSHFqinuerI0F8X66VZPwnA5DO1Pyto="}},"isL8KF88wyQsbejGiHldTdaol5zzQvHzo9C37UwDFXk=":{"valueMac":{"type":"Buffer","data":"Cw0yl3BD7s0zdhClVJ/IrKk0OZ6ZRT3F08MdBNPjY+U="}},"Jy1KfUsd4nhZjMyRiSJlIdJ29S0WmP7X86VuIC5Ev0I=":{"valueMac":{"type":"Buffer","data":"fr8WwEj/ab8zUYnsrKLnR70sYeXvL74eW4HGvX/JZ6E="}},"v2WEPdLas3TmO0f+zcizw95A+61tbep+CY6wSbzS+X4=":{"valueMac":{"type":"Buffer","data":"kR603s0IjIL79IknX71DOJAM14ydzficitggm6HA96k="}},"jvPiw1SdCI4UzaOZeB6/z0tTpa/eN8si8swdfPxVncw=":{"valueMac":{"type":"Buffer","data":"rzEqSSZtT4ZwEt3rYfO30DJtg57QEunAFxtQqlJbRf8="}},"JT/PGN6dZwFMC8yvCUxTHQ44YZ/PC7+4zuuJSBDUqqw=":{"valueMac":{"type":"Buffer","data":"ca2JBf83NpyrDB4WtwLlZMmeMl8BmfNsINwcjDPdA9Q="}},"LwjP+asDvY+BSjpd7/j+/FLJiMB9D9ak35JZ+FxXB8o=":{"valueMac":{"type":"Buffer","data":"CjSvXBzB3qbGKxx2jp52G29EK9yimUUBl25R4b0EMio="}},"ZRzLW8e/am3Uo4KnS9gzwzj9FRB5ocGTr7bRrWqziOg=":{"valueMac":{"type":"Buffer","data":"778HCvqj0E1kHVZkIxRT/ttospcCENiXFINl1vgFboU="}},"f31EMvwaX1kiumAR09HDx0+wBUgscrMkT6QaA3/YaSs=":{"valueMac":{"type":"Buffer","data":"9yllZO48Nw3uqJajutiYgOLK7+i30d8N/zENaspdMig="}},"9pX0HAAIsMGHwMUpVuMy9lihZblgIrVQCL+bWaT4HtE=":{"valueMac":{"type":"Buffer","data":"Hh9jidMKZqUgRIiQCulakqYujKq4EPEZPyBq+cQ7ulM="}},"UmEIggO3S0MfXVYgLUlgEqU10QK6WUZ724pV7Pc/Plw=":{"valueMac":{"type":"Buffer","data":"TDstSYZhc2CG7SF8TILdn+WqhwFVcEnL/wW0cfFAkKE="}},"M6ZAo5DJlpj8FuuB9QwQBA9zDG8Md5ZzcxNSzpqs8Ts=":{"valueMac":{"type":"Buffer","data":"HR3PGQCt3X7enrt2VR/NdofBQCWIV8aPhzf6JGXNp7U="}},"2CIsg9O8LZmc9wzqfq+fH1OECejYXF1Jtwe4/7UKeWs=":{"valueMac":{"type":"Buffer","data":"8NbLhnVqLEu73xb5Ijv9lnjsKeV1HNUF1vjjAUJea+U="}},"AaJ7JSy4roTTxWbziS5lIFAlYA2wgzT2tje/6Zq7CCk=":{"valueMac":{"type":"Buffer","data":"nPG9PP+ydl1SkvWaxXovBj9SwnlpSYEwjjMjP8lEm1I="}},"KPXHom2hdFyooVlw+YUK2CsCCjIdoJAPbyT6gERLpiI=":{"valueMac":{"type":"Buffer","data":"4AVTxmKwUt4vfxGx0PFdMj7HRCPfKWRAmLh4A3r7nLw="}},"IA5eHRJqT5T/pESPgX9rb2TRtOIa5K4GSePiS5VQjr4=":{"valueMac":{"type":"Buffer","data":"qBoI1Uw6dJbs+Gxhw3YQdapbndJPWKLrQu61RFfM+NU="}},"0iKDnBNmJPPvI0AcfsholXceHXzwxaz8XMuEKBCjr/A=":{"valueMac":{"type":"Buffer","data":"Hs40z5JONGIM8FM7yPF0XrT45IvMTU3DcIjOTlFiTis="}},"mF7Z8Z3OuUNqNp24oj3xg0bblMdjy8J9D1BZYjnyWao=":{"valueMac":{"type":"Buffer","data":"bBCCgdCE4EwB521Lk6EEi7U75yWvJGZPRjaG9v0lkRo="}},"Nda7/l7HRFSV6qFLjV9Cm86elTQHsgMer2tm+ktqW1M=":{"valueMac":{"type":"Buffer","data":"IZNNiyidTYjCDSlAFx6fRSh3bBop19pbOBb/Fq2F49c="}},"jmxYuNDvXeafcfjtt7JyOtxPEdkFxsuETObFtSaXIZU=":{"valueMac":{"type":"Buffer","data":"A81yY/8osvJ4TlyJ7cDR4i7TQvWwTUb0S57ySvhXf3I="}},"PUxNrjgVbAiqGkU1XfZjcJm82cNOdynedUNgMAE/8aU=":{"valueMac":{"type":"Buffer","data":"NnVtiyRLyrPCvM6Qgq8AEnFSazEoncCTYe5F5fM+D2Y="}},"068/7PnGpU2rJalTqvTF4+pZrVXTQiEq6RRRn/kAg5E=":{"valueMac":{"type":"Buffer","data":"khqDn+rJl4w4grF3XZLl/1NmtoRruMVwOces0BmLK/c="}},"0ThWODf1hFF971PiZD14xgh1AkaY8aV3bpDz1GcpDnU=":{"valueMac":{"type":"Buffer","data":"b/qiYYI8+7C/ZreHtQa0FzpU4yCFcaWk4/icQYkkHYQ="}},"JiN72RIurmVN4+xnjUd2dpNiX757kaKkqVautMJpymw=":{"valueMac":{"type":"Buffer","data":"enhtbJxhI7jHtfsbfRGBbazr+J+4nZRzLjnMrPwSf2I="}},"zllfRtTaFFhehlfJRtFTlCXJS9zkBe/fBbSbVkVdh1g=":{"valueMac":{"type":"Buffer","data":"+v7ArjjcDyYuHIC7fRrl7yquJfONBge4wKZ95lBvPO0="}},"v5GRXx6ecN1gRFyWaYHEi35F3pq+V9wzQH5JTyBSEPk=":{"valueMac":{"type":"Buffer","data":"URkHtghOg3PP9u/T7PB/n/3zsNWa48IN9466ZqN+PAM="}},"MvvxDNkA+s8ZeSNtpzmLATXI2e9V9HZ+6I3wHRz3nlU=":{"valueMac":{"type":"Buffer","data":"gScRrPsRwSdABP2/dA4DfQwN2F8GeunxVQVVZZlK7uk="}},"cJVUJaFX4rOxysLs5T03xm2oWXQZ6eXNKDye7/P05E0=":{"valueMac":{"type":"Buffer","data":"9g59yNnN7PLxb9kWzv6I/1f0ZxC6FKAESYKljAyVzBI="}},"8DKDznL4ZcVxTD2+hLI18GQ26cqzRyWQecAHXT2dOJc=":{"valueMac":{"type":"Buffer","data":"nYwUc+Vwj797+FDqrUh1rpjUIxKJvtohrFWDnO+gp1I="}},"KIBo9cUlmGwicK/JvAtq3EXaHGSEzH/x8STgOi+rmXs=":{"valueMac":{"type":"Buffer","data":"S3HXtB+Z5BqaqJ5KAaq09rQg/V803Y0TrjvY+A9603s="}},"EwGyLnrnqkwcjQP7kprSlZrjHu3fX8+VZTYMueo7D7o=":{"valueMac":{"type":"Buffer","data":"muFFkLqf6YHWzd/iCDVH/PBXTJxe+0oQrTQJ49gjq3c="}},"Q7qzjTdDFSHXNxBxk5lOvqP6Cr7yLS5FCLyJ61JGX/A=":{"valueMac":{"type":"Buffer","data":"+zylLM0XXnNHh8k6I/u4vuFNHfU1lH0W/+zURoHPR9g="}},"eneMDxqxyZTEzhxqKaikq07f6drnJ65D7G9BwS1wjDs=":{"valueMac":{"type":"Buffer","data":"UVeadQ+lWOJh+xh1nrXJzjcJJWQW5G/vManjzX9Lgpw="}},"GLHao+8DWo4KmX9/ssGfKCxD7k/GfXyVMyp1vTd3mLU=":{"valueMac":{"type":"Buffer","data":"7dl+DyGE9ufHkIi5MqumxpLO6VI24AimnZHomxCtf5o="}},"xmDh2LeiCVNmAfYCdUOhAUJzFsdmqyeHAee+MreGy1s=":{"valueMac":{"type":"Buffer","data":"3AX0BGsBZa9+2Zodl+EtWzURiEx6n2uZd16p4CW1U4w="}},"aC0EQ0sV831Wv36Uu2vCBkk/GXrEBK0WPYtJdChC8QU=":{"valueMac":{"type":"Buffer","data":"LwK4W8tApecuhax194ubKcqY/V5muY48gBjhKrr1QYw="}},"VBHR5tMo+i0VV0GH87hZhDrbN/RnfBuIfS6NjpXaAMs=":{"valueMac":{"type":"Buffer","data":"Htibu9AfLWfCaU1XbBvWFOdj8P2CVd7gikQMoMYxaXM="}}}}