{"version":1,"hash":{"type":"Buffer","data":"16QoaNRKvy6BuuiWJKM1w+xRNcVxO0pwluyVLA/RgY/xIDPI8NvzDW+q7ZSaP3XWjosUrY45qdqIaXFuhPEszD4VDqmTfhVsAXGG2Vz94OGRT+zjIPFtmw2l+00RXH+Lv6Mbtv5ocFK4E7Uya1wmMGs6p3pexmpIr70pYrjvOXA="},"indexValueMap":{"zklNhELz+RYpztEsKUyzq7e8yD5I19UaCUlltFKPglQ=":{"valueMac":{"type":"Buffer","data":"AF+nLMdFpD0aLNM9FUhXl2pm2XHr0ssQlI4i0q78j+8="}},"2FlPBVvYt4IM58+Lz2ZZwU3kFPix4d38WXhSblfCKv8=":{"valueMac":{"type":"Buffer","data":"RABY2L0u79kjbgxF6xCIPketul+VOkutGAd+AALfE3s="}},"Igyca6DgdkaOxsTdyaVg6ICE001dZVK2y5N8QzZV+f8=":{"valueMac":{"type":"Buffer","data":"tzDJRE0HL+tBcYlnb8AwIzXmlka/r7KpjsWuPMoTvjU="}},"NJFaeJ2XAIp10Ldib66N4cup5yUg/YdmegNDTwT71X0=":{"valueMac":{"type":"Buffer","data":"RWREAj5PKw9RasXiHd1NOGv7sJj+2+SaCkH2WLxcNqA="}}}}