{"version":4,"hash":{"type":"Buffer","data":"vNUfRkHPoUgw7y46m2Xg9yx459dA8pC/IkPEQ0/0Sghua14C/NimiS5N7H7UfrAxT7Fkur2NCVedgPI8RnMtoP+rmSvL870EhtdVVrJK3A35rFU3uB6Y4haetABUOznkSzD1wwXOBE2p8zs59hpEihVKq33dUATv4PyD9vPwq1U="},"indexValueMap":{"lwMBsavnmD7DUvVSJyia3rtJoAFz2oWMzaSyGUgswMM=":{"valueMac":{"type":"Buffer","data":"Hcd8UG2W1pnMI1wAi5odcGBw9BUgMIdb8u0ZyDJCuvA="}},"43apsrigX6i8aJD0KEgp9MjzQODoHI1THT9o1bkNJ34=":{"valueMac":{"type":"Buffer","data":"ZAgY6UX8P/5Db5ccNlkS0aEaLclftWSDVl900HJp/w8="}},"UDEBDuaRuWwFO+ME/TZmKRLOiebRGOtFkqk8RVak30Q=":{"valueMac":{"type":"Buffer","data":"J7NJzbZYb6t7MLgaFoY6pqOYJJIlag0m/wISCklTGmg="}},"mH37Nzz99twM+FncFB93YWoBevrMMFiddxjo7mSBV1k=":{"valueMac":{"type":"Buffer","data":"Vv0ra8tNUfMZGmpa3CfJPKEVBT/b4yH9zlkQ7vwM3jk="}},"hrlsIpiwVZcC7PC0LSbZwwDQqUPQT2EJbLLnu0U4/LQ=":{"valueMac":{"type":"Buffer","data":"XVvHwFWXPj+oyjW8wz9F93FedOdQ4l9E9EAq53MnOn4="}},"5rXHmypbDK5ZrEdD3826/vx8jN5wIU01Hr8hM7htCh0=":{"valueMac":{"type":"Buffer","data":"670nOvAQSvk5Mz4c9US9JdDWbYOXL8AHofHgfkoxATc="}},"2Qytwmh0LsNKtV23b9goDVV1Vr0kENxaC3D+ddACY3U=":{"valueMac":{"type":"Buffer","data":"4dqedYSL3da6FW9nuUsO3BjBLl7WBBOGMqdgcIlN2JU="}},"I/2VjOAHKVkTU2FpS3HNVoYps1WKY7wiP0Y7XehlmoE=":{"valueMac":{"type":"Buffer","data":"60xy/kAxuLDGiK1aVCRVSCrEJLEQTKS5HfnECuyuk6k="}},"NFfIKlvdvjgWjSsi+avtWAY4+RpeLL6lIoUQUQ6juYI=":{"valueMac":{"type":"Buffer","data":"77Lo/TI1E5o9955rsgynw9ReAFpXqSyfX4bjOTRNezs="}},"xlINNkxdssREVUaBnZ9JVcJWkVdJ36PUSnoUDLT4st4=":{"valueMac":{"type":"Buffer","data":"eqHgHY1hyGBpv8yjMuqvoD7Cl/qFzLpctPQNMwnRvBM="}},"PQbfjIECDz1v1rxbRH/XB44xf0X+9vy/DhX00nTOAC0=":{"valueMac":{"type":"Buffer","data":"bjzHFZriVQ4EjpsY58DXHC4q6RCYxmdWQW+cCzApXYU="}},"1PpXfubepcbzoBuMFn/qxhwQp55vrbAdV0PYeLvFiFA=":{"valueMac":{"type":"Buffer","data":"rNMr0cQxWvEP0wM6Zf1B5d1IyWbx76woD5ujwFuGqUI="}},"9R2ri++WwuKKgTqX8vo9vebTFEWLyYMq0MoUdpSVU4M=":{"valueMac":{"type":"Buffer","data":"8wzfg/gtHD1eavHsjmcWF4qB5jOO9EUWQjRjPq+VtVg="}}}}