{"noiseKey":{"private":{"type":"Buffer","data":"IItJMj8XC1n/EHAqF8ESAbsXRTb1QrXrSP9l8oWnQm8="},"public":{"type":"Buffer","data":"GmRUw4of+6J3AYNA0PnepfA5ufl0BMvRRBh5uot4/xs="}},"pairingEphemeralKeyPair":{"private":{"type":"Buffer","data":"oHEmXqOXo4hcRGr/26arWkBqNzhumxbdtkZZ6nGEXGg="},"public":{"type":"Buffer","data":"pbQ/wY7Ae7UoGOIFYR34O2Isy7X21BVkQkpWaVrOm38="}},"signedIdentityKey":{"private":{"type":"Buffer","data":"+G1YeiqVQ24Qhqb9N7LDTqZcz3mDdEsuCUDVCi6XL30="},"public":{"type":"Buffer","data":"iFKQKDhgVeg9/Cq8YtUA1Xvv4nFAoR3p0THjXtdiX38="}},"signedPreKey":{"keyPair":{"private":{"type":"Buffer","data":"SGFZLyppvmkdbIVqiTEt9ixhCZuK3qZjr1i45SxCLmk="},"public":{"type":"Buffer","data":"nkf7fEg+hmi/uMtdxu0YJLU7JmYRH9U6eu1VTp1U7UI="}},"signature":{"type":"Buffer","data":"9Zr/ckwjR92hksanL3dyRXIL9cYpfx102wvw3tbMyTRhu0QR+q6ibgDmYeu/EdQ8fOiDpAq3jKsWf78dIR8AgA=="},"keyId":1},"registrationId":66,"advSecretKey":"W+trFMfNrCc31mdvEQv4K3MH/s6nHcxOiObAfr7OCuQ=","processedHistoryMessages":[{"key":{"remoteJid":"6282334226291@s.whatsapp.net","fromMe":true,"id":"8D22834C220325EBD568A114C0CA1C63"},"messageTimestamp":1709713150},{"key":{"remoteJid":"6282334226291@s.whatsapp.net","fromMe":true,"id":"14CE89457814D9FFE5C7CD2BA5385C89"},"messageTimestamp":1709713150},{"key":{"remoteJid":"6282334226291@s.whatsapp.net","fromMe":true,"id":"A7E90780769CAD369C260CBF2F8EAECA"},"messageTimestamp":1709713151},{"key":{"remoteJid":"6282334226291@s.whatsapp.net","fromMe":true,"id":"131DCC2B3628CA560F45348D4C915A29"},"messageTimestamp":1709713151},{"key":{"remoteJid":"6282334226291@s.whatsapp.net","fromMe":true,"id":"BFC01D8AFD643118D671AEBEFF568A2C"},"messageTimestamp":1709713153}],"nextPreKeyId":31,"firstUnuploadedPreKeyId":31,"accountSyncCounter":1,"accountSettings":{"unarchiveChats":false},"deviceId":"S3MSGJzqRBufSCwhzY6Ocg","phoneId":"b15810e6-5276-4119-a7cb-9019d17a6dca","identityId":{"type":"Buffer","data":"oUNzGtRqn/+MB6Y7HN8dVykP/uo="},"registered":true,"backupToken":{"type":"Buffer","data":"VU80Re/opsQ8vhXjnlF/rUY0E+s="},"registration":{},"pairingCode":"NGPRC1DY","me":{"id":"6282334226291:63@s.whatsapp.net","name":"Focalorz","jid":"6282334226291@s.whatsapp.net","lid":"228595641360555:63@lid"},"account":{"details":"CPK8n9oGEPrNoK8GGAIgACgA","accountSignatureKey":"/kY4quUKAqxFMNhGiZZnaZKKcq1DIkyhMv9o8a7JgX0=","accountSignature":"avD3Lt47zh27ShB0zcsd67bkUkeTjweavvRFtssQ9ENqedFHYYYxXHMR8DYwDtwLrvm7XjuwENvps0kR75c7Dw==","deviceSignature":"bnu17hEBHIBexJh2/A4TD0iuKUtzzyiKZO5PelLsx/TU+wFkb8zNVaGDi9WK5G0KWfb1RoyZK1Szhgtpe5Q4hA=="},"signalIdentities":[{"identifier":{"name":"6282334226291:63@s.whatsapp.net","deviceId":0},"identifierKey":{"type":"Buffer","data":"Bf5GOKrlCgKsRTDYRomWZ2mSinKtQyJMoTL/aPGuyYF9"}}],"platform":"smba","lastAccountSyncTimestamp":1709713149,"myAppStateKeyId":"AAAAAJex"}