{"_sessions":{"BZHCpOW7tDAsrqmImaQ5xMyJj982IliwDs3gxC1Xd/tK":{"registrationId":1668716075,"currentRatchet":{"ephemeralKeyPair":{"pubKey":"BX7bgpvkHaEnmylXBsXx9U23Cr/TbMgb8DSTj3bUblcT","privKey":"OE6LLhF05oJo19v4bBFFtlpjK5MnXUyv0/eBr/Uy6WU="},"lastRemoteEphemeralKey":"BaM7TTahn2Pz9fz4Q1dMh7owTWXX7zrzNxoO/6wb1Tsh","previousCounter":0,"rootKey":"t+4IpUR3KSOyVdXmm26RCJfzUD0vxrd6TJniqWvgI04="},"indexInfo":{"baseKey":"BZHCpOW7tDAsrqmImaQ5xMyJj982IliwDs3gxC1Xd/tK","baseKeyType":2,"closed":-1,"used":1709713150511,"created":1709713150511,"remoteIdentityKey":"Bf5GOKrlCgKsRTDYRomWZ2mSinKtQyJMoTL/aPGuyYF9"},"_chains":{"BaM7TTahn2Pz9fz4Q1dMh7owTWXX7zrzNxoO/6wb1Tsh":{"chainKey":{"counter":8,"key":"HQtiRstSFq8u+TW/nUUOUJOPACrO5kHdv1RbFfm71BE="},"chainType":2,"messageKeys":{}},"BX7bgpvkHaEnmylXBsXx9U23Cr/TbMgb8DSTj3bUblcT":{"chainKey":{"counter":-1,"key":"rsmqwNHs5JkuR/bGpKfAjNKuabh3NSNBNW80v3hCNPk="},"chainType":1,"messageKeys":{}}}}},"version":"v1"}